{
  "version": "v0",
  "trained_on": "2026-04-21",
  "n_samples_total": 17807,
  "n_matches": 500,
  "feature_order": [
    "gold_adv",
    "xp_adv",
    "minute"
  ],
  "segments": {
    "early": {
      "intercept": 0.23469477546441225,
      "coef": {
        "gold_adv": 0.0003373754374953739,
        "xp_adv": 0.00010029910104534207,
        "minute": -0.008904974870259461
      },
      "n_samples": 7499,
      "auc_oos": 0.6764256208813223
    },
    "mid": {
      "intercept": 0.00030233471916764554,
      "coef": {
        "gold_adv": 0.0002625403065361829,
        "xp_adv": 3.534690043105421e-05,
        "minute": 0.006559367874352856
      },
      "n_samples": 7062,
      "auc_oos": 0.8482892976132843
    },
    "late": {
      "intercept": -0.5715792848377091,
      "coef": {
        "gold_adv": 0.0001130690362837694,
        "xp_adv": 6.631237829479109e-05,
        "minute": 0.02435440093824857
      },
      "n_samples": 3246,
      "auc_oos": 0.8936892614188533
    }
  }
}